      Id,,  MSZoning,,   LotArea,,   Alley,,LandContour,, LotConfig,,Neighborhood,, Condition2,, HouseStyle,, OverallCond,  YearBuilt, YearRemodAdd, RoofStyle,  RoofMatl,,Exterior2nd,,  MasVnrArea,, ExterCond,,  BsmtQual,,BsmtExposure,,  BsmtFinSF1,,  BsmtFinSF2,, TotalBsmtSF,, HeatingQC,, Electrical,,  X2ndFlrSF,,  GrLivArea,, BsmtHalfBath,,   HalfBath,, KitchenAbvGr,, TotRmsAbvGrd,,  Fireplaces,, GarageType,,GarageFinish,,  GarageArea,, GarageCond,,  WoodDeckSF,,EnclosedPorch,, ScreenPorch,,   PoolQC,,MiscFeature,,    MoSold,,  SaleType,,  SalePrice,
Min.   ,1,Length,2919,Min.   ,1300,Length,2919,Length,2919,Length,2919,Length,2919,Length,2919,Length,2919,Min.   ,1,Min.   ,1950,Length,2919,Length,2919,Min.   ,0,Length,2919,Length,2919,Length,2919,Min.   ,0,Min.   ,0,Min.   ,0,Length,2919,Length,2919,Min.   ,0,Min.   ,334,Min.   ,0,Min.   ,0,Min.   ,0,Min.   ,2,Min.   ,0,Length,2919,Length,2919,Min.   ,0,Length,2919,Min.   ,0,Min.   ,0,Min.   ,0,Length,2919,Length,2919,Min.   ,1,Length,2919,Min.   ,34900
1st Qu.,730.5,Class ,character  ,1st Qu.,7478,Class ,character  ,Class ,character  ,Class ,character  ,Class ,character  ,Class ,character  ,Class ,character  ,1st Qu.,5,1st Qu.,1965,Class ,character  ,Class ,character  ,1st Qu.,0,Class ,character  ,Class ,character  ,Class ,character  ,1st Qu.,0,1st Qu.,0,1st Qu.,793,Class ,character  ,Class ,character  ,1st Qu.,0,1st Qu.,1126,1st Qu.,0,1st Qu.,0,1st Qu.,1,1st Qu.,5,1st Qu.,0,Class ,character  ,Class ,character  ,1st Qu.,320,Class ,character  ,1st Qu.,0,1st Qu.,0,1st Qu.,0,Class ,character  ,Class ,character  ,1st Qu.,4,Class ,character  ,1st Qu.,129975
Median ,1460,Mode  ,character  ,Median ,9453,Mode  ,character  ,Mode  ,character  ,Mode  ,character  ,Mode  ,character  ,Mode  ,character  ,Mode  ,character  ,Median ,5,Median ,1993,Mode  ,character  ,Mode  ,character  ,Median ,0,Mode  ,character  ,Mode  ,character  ,Mode  ,character  ,Median ,368.5,Median ,0,Median ,989.5,Mode  ,character  ,Mode  ,character  ,Median ,0,Median ,1444,Median ,0,Median ,0,Median ,1,Median ,6,Median ,1,Mode  ,character  ,Mode  ,character  ,Median ,480,Mode  ,character  ,Median ,0,Median ,0,Median ,0,Mode  ,character  ,Mode  ,character  ,Median ,6,Mode  ,character  ,Median ,163000
Mean   ,1460,NA,,Mean   ,10168,NA,,NA,,NA,,NA,,NA,,NA,,Mean   ,5.565,Mean   ,1984,NA,NA,NA,NA,Mean   ,102.2,NA,,NA,,NA,,Mean   ,441.4,Mean   ,49.58,Mean   ,1051.8,NA,,NA,,Mean   ,336.5,Mean   ,1501,Mean   ,0.06136,Mean   ,0.3803,Mean   ,1.045,Mean   ,6.452,Mean   ,0.5971,NA,,NA,,Mean   ,472.9,NA,,Mean   ,93.71,Mean   ,23.1,Mean   ,16.06,NA,,NA,,Mean   ,6.213,NA,,Mean   ,180921
3rd Qu.,2189.5,NA,,3rd Qu.,11570,NA,,NA,,NA,,NA,,NA,,NA,,3rd Qu.,6,3rd Qu.,2004,NA,NA,NA,NA,3rd Qu.,164,NA,,NA,,NA,,3rd Qu.,733,3rd Qu.,0,3rd Qu.,1302,NA,,NA,,3rd Qu.,704,3rd Qu.,1744,3rd Qu.,0,3rd Qu.,1,3rd Qu.,1,3rd Qu.,7,3rd Qu.,1,NA,,NA,,3rd Qu.,576,NA,,3rd Qu.,168,3rd Qu.,0,3rd Qu.,0,NA,,NA,,3rd Qu.,8,NA,,3rd Qu.,214000
Max.   ,2919,NA,,Max.   ,215245,NA,,NA,,NA,,NA,,NA,,NA,,Max.   ,9,Max.   ,2010,NA,NA,NA,NA,Max.   ,1600,NA,,NA,,NA,,Max.   ,5644,Max.   ,1526,Max.   ,6110,NA,,NA,,Max.   ,2065,Max.   ,5642,Max.   ,2,Max.   ,2,Max.   ,3,Max.   ,15,Max.   ,4,NA,,NA,,Max.   ,1488,NA,,Max.   ,1424,Max.   ,1012,Max.   ,576,NA,,NA,,Max.   ,12,NA,,Max.   ,755000
NA,,NA,,NA,,NA,,NA,,NA,,NA,,NA,,NA,,NA,,NA,,NA,NA,NA,NA,NA's   ,23,NA,,NA,,NA,,NA's   ,1,NA's   ,1,NA's   ,1,NA,,NA,,NA,,NA,,NA's   ,2,NA,,NA,,NA,,NA,,NA,,NA,,NA's   ,1,NA,,NA,,NA,,NA,,NA,,NA,,NA,,NA,,NA's   ,1459
,,,,,,,,,,,,,,,,,,,,,,,,,,,,,,,,,,,,,,,,,,,,,,,,,,,,,,,,,,,,,,,,,,,,,,,,,,,,,,,,,
,,,,,,,,,,,,,,,,,,,,,,,,,Estimate,Std. Error,t value,Pr(>|t|),,,,,,,,,,,,,,,,,,,,,,,,,,,,,,,,,,,,,,,,,,,,,,,,,,,,,
,,,,,,,,,,,,,,,,,,,,,,,,(Intercept),2.0162596,0.8033633,2.51,0.012193,*,,,,,,,,,,,,,,,,,,,,,,,,,,,,,,,,,,,,,,,,,,,,,,,,,,,,
,,,,,,,,,,,,,,,,,,,,,,,,MasVnrArea,0.0239637,0.0027038,8.863,< 2e-16,***,,,,,,,,,,,,,,,,,,,,,,,,,,,,,,,,,,,,,,,,,,,,,,,,,,,,
,,,,,,,,,,,,,,,,,,,,,,                      Estimate Std. Error t value Pr(>|t|)    ,,Condition1Feedr,-0.0988924,0.0420482,-2.352,0.018817,*,,,,,,,,,,,,,,,,,,,,,,,,,,,,,,,,,,,,,,,,,,,,,,,,,,,,
,,,,,,,,,,,,,,,,,,,,,,(Intercept)          2.0162596  0.8033633   2.510 0.012193 *  ,,Condition1Norm,-0.0064234,0.0343754,-0.187,0.851797,,,,,,,,,,,,,,,,,,,,,,,,,,,,,,,,,,,,,,,,,,,,,,,,,,,,,
,,,,,,,,,,,,,,,,,,,,,,MasVnrArea           0.0239637  0.0027038   8.863  < 2e-16 ***,,Condition1PosA,0.1245797,0.0879315,1.417,0.15677,,,,,,,,,,,,,,,,,,,,,,,,,,,,,,,,,,,,,,,,,,,,,,,,,,,,,
,,,,,,,,,,,,,,,,,,,,,,Condition1Feedr     -0.0988924  0.0420482  -2.352 0.018817 *  ,,Condition1PosN,0.1504795,0.0633777,2.374,0.017716,*,,,,,,,,,,,,,,,,,,,,,,,,,,,,,,,,,,,,,,,,,,,,,,,,,,,,
,,,,,,,,,,,,,,,,,,,,,,Condition1Norm      -0.0064234  0.0343754  -0.187 0.851797    ,,Condition1RRAe,-0.0838261,0.0772311,-1.085,0.277935,,,,,,,,,,,,,,,,,,,,,,,,,,,,,,,,,,,,,,,,,,,,,,,,,,,,,
,,,,,,,,,,,,,,,,,,,,,,Condition1PosA       0.1245797  0.0879315   1.417 0.156770    ,,Condition1RRAn,0.0413208,0.0568844,0.726,0.467715,,,,,,,,,,,,,,,,,,,,,,,,,,,,,,,,,,,,,,,,,,,,,,,,,,,,,
,,,,,,,,,,,,,,,,,,,,,,Condition1PosN       0.1504795  0.0633777   2.374 0.017716 *  ,,Condition1RRNe,-0.0970431,0.1619165,-0.599,0.549043,,,,,,,,,,,,,,,,,,,,,,,,,,,,,,,,,,,,,,,,,,,,,,,,,,,,,
,,,,,,,,,,,,,,,,,,,,,,Condition1RRAe      -0.0838261  0.0772311  -1.085 0.277935    ,,Condition1RRNn,0.0641464,0.1097141,0.585,0.558865,,,,,,,,,,,,,,,,,,,,,,,,,,,,,,,,,,,,,,,,,,,,,,,,,,,,,
,,,,,,,,,,,,,,,,,,,,,,Condition1RRAn       0.0413208  0.0568844   0.726 0.467715    ,,LotFrontage,0.2187181,0.0288944,7.57,6.78E-14,***,,,,,,,,,,,,,,,,,,,,,,,,,,,,,,,,,,,,,,,,,,,,,,,,,,,,
,,,,,,,,,,,,,,,,,,,,,,Condition1RRNe      -0.0970431  0.1619165  -0.599 0.549043    ,,LandSlopeMod,0.0820684,0.0341416,2.404,0.016357,*,,,,,,,,,,,,,,,,,,,,,,,,,,,,,,,,,,,,,,,,,,,,,,,,,,,,
,,,,,,,,,,,,,,,,,,,,,,Condition1RRNn       0.0641464  0.1097141   0.585 0.558865    ,,LandSlopeSev,0.0436997,0.0781365,0.559,0.576064,,,,,,,,,,,,,,,,,,,,,,,,,,,,,,,,,,,,,,,,,,,,,,,,,,,,,
,,,,,,,,,,,,,,,,,,,,,,LotFrontage          0.2187181  0.0288944   7.570 6.78e-14 ***,,RoofStyleGable,-0.1370745,0.1621565,-0.845,0.398076,,,,,,,,,,,,,,,,,,,,,,,,,,,,,,,,,,,,,,,,,,,,,,,,,,,,,
,,,,,,,,,,,,,,,,,,,,,,LandSlopeMod         0.0820684  0.0341416   2.404 0.016357 *  ,,RoofStyleGambrel,-0.1255111,0.175397,-0.716,0.474369,,,,,,,,,,,,,,,,,,,,,,,,,,,,,,,,,,,,,,,,,,,,,,,,,,,,,
,,,,,,,,,,,,,,,,,,,,,,LandSlopeSev         0.0436997  0.0781365   0.559 0.576064    ,,RoofStyleHip,-0.0752843,0.1630181,-0.462,0.644286,,,,,,,,,,,,,,,,,,,,,,,,,,,,,,,,,,,,,,,,,,,,,,,,,,,,,
,,,,,,,,,,,,,,,,,,,,,,RoofStyleGable      -0.1370745  0.1621565  -0.845 0.398076    ,,RoofStyleMansard,-0.1048592,0.1864217,-0.562,0.573877,,,,,,,,,,,,,,,,,,,,,,,,,,,,,,,,,,,,,,,,,,,,,,,,,,,,,
,,,,,,,,,,,,,,,,,,,,,,RoofStyleGambrel    -0.1255111  0.1753970  -0.716 0.474369    ,,RoofStyleShed,0.3182765,0.2329874,1.366,0.172138,,,,,,,,,,,,,,,,,,,,,,,,,,,,,,,,,,,,,,,,,,,,,,,,,,,,,
,,,,,,,,,,,,,,,,,,,,,,RoofStyleHip        -0.0752843  0.1630181  -0.462 0.644286    ,,LotConfigCulDSac,0.0944168,0.0289096,3.266,0.001118,**,,,,,,,,,,,,,,,,,,,,,,,,,,,,,,,,,,,,,,,,,,,,,,,,,,,,
,,,,,,,,,,,,,,,,,,,,,,RoofStyleMansard    -0.1048592  0.1864217  -0.562 0.573877    ,,LotConfigFR2,-0.0541502,0.0361462,-1.498,0.134337,,,,,,,,,,,,,,,,,,,,,,,,,,,,,,,,,,,,,,,,,,,,,,,,,,,,,
,,,,,,,,,,,,,,,,,,,,,,RoofStyleShed        0.3182765  0.2329874   1.366 0.172138    ,,LotConfigFR3,-0.1428997,0.1147094,-1.246,0.213064,,,,,,,,,,,,,,,,,,,,,,,,,,,,,,,,,,,,,,,,,,,,,,,,,,,,,
,,,,,,,,,,,,,,,,,,,,,,LotConfigCulDSac     0.0944168  0.0289096   3.266 0.001118 ** ,,LotConfigInside,-0.0072773,0.0158969,-0.458,0.647181,,,,,,,,,,,,,,,,,,,,,,,,,,,,,,,,,,,,,,,,,,,,,,,,,,,,,
,,,,,,,,,,,,,,,,,,,,,,LotConfigFR2        -0.0541502  0.0361462  -1.498 0.134337    ,,RoofMatlMembran,-0.0583273,0.2789808,-0.209,0.834422,,,,,,,,,,,,,,,,,,,,,,,,,,,,,,,,,,,,,,,,,,,,,,,,,,,,,
,,,,,,,,,,,,,,,,,,,,,,LotConfigFR3        -0.1428997  0.1147094  -1.246 0.213064    ,,RoofMatlMetal,-0.1158195,0.2789139,-0.415,0.678022,,,,,,,,,,,,,,,,,,,,,,,,,,,,,,,,,,,,,,,,,,,,,,,,,,,,,
,,,,,,,,,,,,,,,,,,,,,,LotConfigInside     -0.0072773  0.0158969  -0.458 0.647181    ,,RoofMatlRoll,0.0715893,0.2232776,0.321,0.74854,,,,,,,,,,,,,,,,,,,,,,,,,,,,,,,,,,,,,,,,,,,,,,,,,,,,,
,,,,,,,,,,,,,,,,,,,,,,RoofMatlMembran     -0.0583273  0.2789808  -0.209 0.834422    ,,RoofMatlTar&Grv,-0.0312103,0.1608859,-0.194,0.846212,,,,,,,,,,,,,,,,,,,,,,,,,,,,,,,,,,,,,,,,,,,,,,,,,,,,,
,,,,,,,,,,,,,,,,,,,,,,RoofMatlMetal       -0.1158195  0.2789139  -0.415 0.678022    ,,RoofMatlWdShake,0.0451944,0.1147115,0.394,0.693654,,,,,,,,,,,,,,,,,,,,,,,,,,,,,,,,,,,,,,,,,,,,,,,,,,,,,
,,,,,,,,,,,,,,,,,,,,,,RoofMatlRoll         0.0715893  0.2232776   0.321 0.748540    ,,RoofMatlWdShngl,0.5789217,0.1014131,5.709,1.39E-08,***,,,,,,,,,,,,,,,,,,,,,,,,,,,,,,,,,,,,,,,,,,,,,,,,,,,,
,,,,,,,,,,,,,,,,,,,,,,RoofMatlTar&Grv     -0.0312103  0.1608859  -0.194 0.846212    ,,BldgType2fmCon,-0.0231444,0.0413906,-0.559,0.576135,,,,,,,,,,,,,,,,,,,,,,,,,,,,,,,,,,,,,,,,,,,,,,,,,,,,,
,,,,,,,,,,,,,,,,,,,,,,RoofMatlWdShake      0.0451944  0.1147115   0.394 0.693654    ,,BldgTypeDuplex,-0.0348344,0.0335066,-1.04,0.298693,,,,,Estimate,Std. Error,t value,Pr(>|t|),,,,,,,,,,,,,,,,,,,,,,,,,,,,,,,,,,,,,,,,,,,,,
,,,,,,,,,,,,,,,,,,,,,,RoofMatlWdShngl      0.5789217  0.1014131   5.709 1.39e-08 ***,,BldgTypeTwnhs,-0.1616158,0.0500956,-3.226,0.001284,**,,,(Intercept),2.32E-14,2.95E-15,7.86E+00,1.05E-14,,,,,,,,,,,,,,,,,,,,,,,,,,,,,,,,,,,,,,,,,,,,,
,,Id          O,verallQual      ,OverallCond,YearBuilt     ,YearRemodAdd   TotalBsmtSF      Bs,mtFullBath,,GarageArea,MoSold,YrSold,isTrain,,,,,,,,,,,,BldgTypeTwnhsE,-0.1246457,0.0306388,-4.068,5.00E-05,***,,,trainsd.SalePrice,1.00E+00,9.77E-17,1.02E+16,< 2e-16,,,,,,,,,,,,,,,,,,,,,,,,,,,,,,,,,,,,,,,,,,,,,
,,Min.   :   1.0,Min.   : 1.000,Min.   :1.000,Min.   :1872,Min.   :1950   Min.   :   0.0,Min.   :0.0000,,Min.   :   0.0,Min.   : 1.000,Min.   :2006,Min.   :1,,,,,,,,,,,,OverallCond,0.0285087,0.00622,4.583,4.98E-06,***,,,MasVnrArea,-1.71E-18,1.03E-17,-1.66E-01,0.868,,,,,,,,,,,,,,,,,,,,,,,,,,,,,,,,,,,,,,,,,,,,,
,,1st Qu.: 364.8,1st Qu.: 5.000,1st Qu.:5.000,1st Qu.:1954,1st Qu.:1967   1st Qu.: 795.0,1st Qu.:0.0000,,1st Qu.: 329.5,1st Qu.: 5.000,1st Qu.:2007,1st Qu.:1,,,,,,,,,,,,StreetPave,0.1335367,0.0964309,1.385,0.166338,,,,Condition1Feedr,1.56E-16,1.52E-16,1.02E+00,0.3062,,,,,,,,,,,,,,,,,,,,,,,,,,,,,,,,,,,,,,,,,,,,,
,,Median : 730.5,Median : 6.000,Median :5.000,Median :1972,Median :1994   Median : 990.5,Median :0.0000,,Median : 478.5,Median : 6.000,Median :2008,Median :1,,,,,,,,,,,,YearRemodAdd,0.0045583,0.0003943,11.56,< 2e-16,***,,,Condition1Norm,1.89E-16,1.22E-16,1.55E+00,0.121,,,,,,,,,,,,,,,,,,,,,,,,,,,,,,,,,,,,,,,,,,,,,
,,Mean   : 730.0,Mean   : 6.089,Mean   :5.576,Mean   :1971,Mean   :1985   Mean   :1050.7,Mean   :0.4238,,Mean   : 471.6,Mean   : 6.326,Mean   :2008,Mean   :1,,,,,,,,,,,,LandContourHLS,0.0677004,0.0446053,1.518,0.1293,,,,Condition1PosA,1.91E-16,2.92E-16,6.52E-01,0.5143,,,,,,,,,,,,,,,,,,,,,,,,,,,,,,,,,,,,,,,,,,,,,
,,3rd Qu.:1094.2,3rd Qu.: 7.000,3rd Qu.:6.000,3rd Qu.:2000,3rd Qu.:2004   3rd Qu.:1293.8,3rd Qu.:1.0000,,3rd Qu.: 576.0,3rd Qu.: 8.000,3rd Qu.:2009,3rd Qu.:1,,,,,,,,,,,,LandContourLow,-0.0589277,0.0538092,-1.095,0.273652,,,,Condition1PosN,2.12E-16,2.31E-16,9.17E-01,0.3591,,,,,,,,,,,,,,,,,,,,,,,,,,,,,,,,,,,,,,,,,,,,,
,,Max.   :1460.0,Max.   :10.000,Max.   :9.000,Max.   :2010,Max.   :2010   Max.   :3206.0,Max.   :3.0000,,Max.   :1390.0,Max.   :12.000,Max.   :2010,Max.   :1,,,,,,,,,,,,LandContourLvl,0.0445844,0.0319694,1.395,0.16336,,,,Condition1RRAe,2.07E-16,2.78E-16,7.45E-01,0.4567,,,,,,,,,,,,,,,,,,,,,,,,,,,,,,,,,,,,,,,,,,,,,
,0,FullBath,HalfBath,BedroomAbvGr,TotRmsAbvGrd,Fireplaces      GarageYrBlt,GarageCars,,,,,,,,,,,,,,,,,NeighborhoodBlueste,0.0254695,0.1663575,0.153,0.878341,,,,Condition1RRAn,1.85E-16,1.99E-16,9.33E-01,0.3512,,,,,,,,,,,,,,,,,,,,,,,,,,,,,,,,,,,,,,,,,,,,,
,,Min.   :0.000,Min.   :0.0000,Min.   :0.000,Min.   : 2.000,Min.   :0.0000   Min.   :   0,Min.   :0.000,,,,,,,,,,,,,,,,,NeighborhoodBrDale,-0.3115273,0.0856353,-3.638,0.000285,***,,,Condition1RRNe,1.88E-16,5.01E-16,3.76E-01,0.7073,,,,,,,,,,,,,,,,,,,,,,,,,,,,,,,,,,,,,,,,,,,,,
,,1st Qu.:1.000,1st Qu.:0.0000,1st Qu.:2.000,1st Qu.: 5.000,1st Qu.:0.0000   1st Qu.:1958,1st Qu.:1.000,,,,,,,,,,,,,,,,,NeighborhoodBrkSide,-0.4064971,0.0687904,-5.909,4.31E-09,***,,,Condition1RRNn,1.76E-16,3.95E-16,4.46E-01,0.6554,,,,,,,,,,,,,,,,,,,,,,,,,,,,,,,,,,,,,,,,,,,,,
,,Median :2.000,Median :0.0000,Median :3.000,Median : 6.000,Median :1.0000   Median :1977,Median :2.000,,,,,,,,,,,,,,,,,NeighborhoodClearCr,-0.0500224,0.0768402,-0.651,0.515158,,,,LotFrontage,9.17E-17,1.06E-16,8.64E-01,0.3877,,,,,,,,,,,,,,,,,,,,,,,,,,,,,,,,,,,,,,,,,,,,,
,,Mean   :1.562,Mean   :0.3812,Mean   :2.865,Mean   : 6.506,Mean   :0.6092   Mean   :1868,Mean   :1.764,,,,,,,,,,,,,,,,,NeighborhoodCollgCr,-0.1445776,0.061158,-2.364,0.018215,*,,,LandSlopeMod,1.88E-17,1.27E-16,1.48E-01,0.8824,,,,,,,,,,,,,,,,,,,,,,,,,,,,,,,,,,,,,,,,,,,,,
,,3rd Qu.:2.000,3rd Qu.:1.0000,3rd Qu.:3.000,3rd Qu.: 7.000,3rd Qu.:1.0000   3rd Qu.:2001,3rd Qu.:2.000,,,,,,,,,,,,,,,,,NeighborhoodCrawfor,-0.0453367,0.0685013,-0.662,0.508185,,,,LandSlopeSev,-2.71E-17,2.95E-16,-9.20E-02,0.9267,,,,,,,,,,,,,,,,,,,,,,,,,,,,,,,,,,,,,,,,,,,,,
,,Max.   :3.000,Max.   :2.0000,Max.   :8.000,Max.   :14.000,Max.   :3.0000   Max.   :2010,Max.   :4.000,,,,,,,,,,,,,,,,,NeighborhoodEdwards,-0.4296024,0.0639096,-6.722,2.61E-11,***,,,RoofStyleGable,1.08E-16,6.94E-16,1.55E-01,0.8768,,,,,,,,,,,,,,,,,,,,,,,,,,,,,,,,,,,,,,,,,,,,,
,,,,,,,,,,,,,,,,,,,,,,,,NeighborhoodGilbert,-0.1348454,0.0645931,-2.088,0.037014,*,,,RoofStyleGambrel,4.87E-17,7.36E-16,6.60E-02,0.9473,,,,,,,,,,,,,,,,,,,,,,,,,,,,,,,,,,,,,,,,,,,,,
,,,,,,,,,,,,,,,,,,,,,,,,NeighborhoodIDOTRR,-0.6070841,0.0720105,-8.43,< 2e-16,***,,,RoofStyleHip,7.92E-17,6.95E-16,1.14E-01,0.9093,,,,,,,,,,,,,,,,,,,,,,,,,,,,,,,,,,,,,,,,,,,,,
,,,,,,,,,,,,,,,,,,,,,,,,NeighborhoodMeadowV,-0.3510633,0.0790696,-4.44,9.71E-06,***,,,RoofStyleMansard,2.29E-17,7.83E-16,2.90E-02,0.9766,,,,,,,,,,,,,,,,,,,,,,,,,,,,,,,,,,,,,,,,,,,,,
,,,,,,,,,,,,,,,,,,,,,,,,NeighborhoodMitchel,-0.284153,0.0672355,-4.226,2.53E-05,***,,,RoofStyleShed,1.34E-16,9.78E-16,1.37E-01,0.8912,,,,,,,,,,,,,,,,,,,,,,,,,,,,,,,,,,,,,,,,,,,,,
,,,,,,,,,,,,,,,,,,,,,,,,NeighborhoodNAmes,-0.3490249,0.0623341,-5.599,2.59E-08,***,,,LotConfigCulDSac,5.27E-17,1.06E-16,4.99E-01,0.6178,,,,,,,,,,,,,,,,,,,,,,,,,,,,,,,,,,,,,,,,,,,,,
,,,,,,,,,,,,,,,,,,,,,,,,NeighborhoodNoRidge,0.2115223,0.0691518,3.059,0.002265,**,,,LotConfigFR2,8.21E-17,1.48E-16,5.57E-01,0.5779,,,,,,,,,,,,,,,,,,,,,,,,,,,,,,,,,,,,,,,,,,,,,
,,,,,,,,,,,,,,,,,,,,,,,,NeighborhoodNPkVill,0.0057518,0.0928412,0.062,0.950609,,,,LotConfigFR3,8.47E-17,5.18E-16,1.64E-01,0.87,,,,,,,,,,,,,,,,,,,,,,,,,,,,,,,,,,,,,,,,,,,,,
,,,,,,,,,,,,,,,,,,,,,,,,NeighborhoodNridgHt,0.2156751,0.0624767,3.452,0.000573,***,,,LotConfigInside,5.07E-17,5.79E-17,8.75E-01,0.3819,,,,,,,,,,,,,,,,,,,,,,,,,,,,,,,,,,,,,,,,,,,,,
,,,,,,,,,,,,,,,,,,,,,,,,NeighborhoodNWAmes,-0.2099306,0.0658218,-3.189,0.001458,**,,,RoofMatlMembran,1.29E-16,9.93E-16,1.30E-01,0.8967,,,,,,,,,,,,,,,,,,,,,,,,,,,,,,,,,,,,,,,,,,,,,
,,,,,,,,,,,,,,,,,,,,,,,,NeighborhoodOldTown,-0.4397791,0.065345,-6.73,2.47E-11,***,,,RoofMatlMetal,9.99E-17,9.92E-16,1.01E-01,0.9198,,,,,,,,,,,,,,,,,,,,,,,,,,,,,,,,,,,,,,,,,,,,,
,,,,,,,,,,,,,,,,,,,,,,,,NeighborhoodSawyer,-0.3979089,0.0657192,-6.055,1.81E-09,***,,,RoofMatlRoll,-3.16E-18,6.86E-16,-5.00E-03,0.9963,,,,,,,,,,,,,,,,,,,,,,,,,,,,,,,,,,,,,,,,,,,,,
,,,,,,,,,,,,,,,,,,,,,,,,NeighborhoodSawyerW,-0.1230981,0.0650445,-1.893,0.058629,.,,,RoofMatlTar&Grv,9.53E-17,7.34E-16,1.30E-01,0.8966,,,,,,,,,,,,,,,,,,,,,,,,,,,,,,,,,,,,,,,,,,,,,
,,,,,,,,,,,,,,,,,,,,,,,,NeighborhoodSomerst,0.0342349,0.0614564,0.557,0.577576,,,,RoofMatlWdShake,3.92E-17,4.66E-16,8.40E-02,0.933,,,,,,,,,,,,,,,,,,,,,,,,,,,,,,,,,,,,,,,,,,,,,
,,,,,,,,,,,,,,,,,,,,,,,,NeighborhoodStoneBr,0.3291679,0.0708731,4.644,3.73E-06,***,,,RoofMatlWdShngl,-2.92E-17,3.47E-16,-8.40E-02,0.933,,,,,,,,,,,,,,,,,,,,,,,,,,,,,,,,,,,,,,,,,,,,,
,,,,,,,,,,,,,,,,,,,,,,,,NeighborhoodSWISU,-0.2188011,0.0767968,-2.849,0.004449,**,,,BldgType2fmCon,-1.02E-16,1.44E-16,-7.10E-01,0.4777,,,,,,,,,,,,,,,,,,,,,,,,,,,,,,,,,,,,,,,,,,,,,
,,,,,,,,,,,,,,,,,,,,,,,,NeighborhoodTimber,0.0155687,0.0703196,0.221,0.824814,,,,BldgTypeDuplex,3.78E-18,1.28E-16,2.90E-02,0.9765,,,,,,,,,,,,,,,,,,,,,,,,,,,,,,,,,,,,,,,,,,,,,
,,,,,,,,,,,,,,,,,,,,,,,,NeighborhoodVeenker,0.1317548,0.0889676,1.481,0.138851,,,,BldgTypeTwnhs,8.22E-17,1.89E-16,4.36E-01,0.6632,,,,,,,,,,,,,,,,,,,,,,,,,,,,,,,,,,,,,,,,,,,,,
,,,,,,,,,,,,,,,,,,,,,,,,,,,,,,,,BldgTypeTwnhsE,5.45E-17,1.09E-16,5.00E-01,0.6173,,,,,,,,,,,,,,,,,,,,,,,,,,,,,,,,,,,,,,,,,,,,,
,,,,,,,,,,,,,,,,,,,,,,,,,,,,,,,,OverallCond,2.85E-17,2.32E-17,1.23E+00,0.219,,,,,,,,,,,,,,,,,,,,,,,,,,,,,,,,,,,,,,,,,,,,,
,,,,,,,,,,,,,,,,,,,,,,,,,,,,,,,,StreetPave,-1.33E-17,3.37E-16,-3.90E-02,0.9685,,,,,,,,,,,,,,,,,,,,,,,,,,,,,,,,,,,,,,,,,,,,,
,,,,,,,,,,,,,,,,,,,,,,,,,,,,,,,,YearRemodAdd,-3.05E-18,1.52E-18,-2.00E+00,0.0457 *,,,,,,,,,,,,,,,,,,,,,,,,,,,,,,,,,,,,,,,,,,,,,
,,,,,,,,,,,,,,,,,,,,,,,,,,,,,,,,LandContourHLS,7.60E-17,1.63E-16,4.65E-01,0.6418,,,,,,,,,,,,,,,,,,,,,,,,,,,,,,,,,,,,,,,,,,,,,
,,,,,,,,,,,,,,,,,,,,,,,,,,,,,,,,LandContourLow,7.91E-17,1.91E-16,4.13E-01,0.6794,,,,,,,,,,,,,,,,,,,,,,,,,,,,,,,,,,,,,,,,,,,,,
,,,,,,,,,,,,,,,,,,,,,,,,,,,,,,,,LandContourLvl,8.79E-17,1.15E-16,7.63E-01,0.4455,,,,,,,,,,,,,,,,,,,,,,,,,,,,,,,,,,,,,,,,,,,,,
,,,,,,,,,,,,,,,,,,,,,,,,,,,,,,,,NeighborhoodBlueste,-5.04E-17,5.24E-16,-9.60E-02,0.9235,,,,,,,,,,,,,,,,,,,,,,,,,,,,,,,,,,,,,,,,,,,,,
,,,,,,,,,,,,,,,,,,,,,,,,,,,,,,,,NeighborhoodBrDale,-6.32E-17,3.21E-16,-1.97E-01,0.8442,,,,,,,,,,,,,,,,,,,,,,,,,,,,,,,,,,,,,,,,,,,,,
,,,,,,,,,,,,,,,,,,,,,,,,,,,,,,,,NeighborhoodBrkSide,-7.20E-17,2.61E-16,-2.75E-01,0.7832,,,,,,,,,,,,,,,,,,,,,,,,,,,,,,,,,,,,,,,,,,,,,
,,,,,,,,,,,,,,,,,,,,,,,,,,,,,,,,NeighborhoodClearCr,-5.74E-17,2.91E-16,-1.97E-01,0.8435,,,,,,,,,,,,,,,,,,,,,,,,,,,,,,,,,,,,,,,,,,,,,
,,,,,,,,,,,,,,,,,,,,,,,,,,,,,,,,NeighborhoodCollgCr,-1.25E-17,2.26E-16,-5.50E-02,0.9559,,,,,,,,,,,,,,,,,,,,,,,,,,,,,,,,,,,,,,,,,,,,,
,,,,,,,,,,,,,,,,,,,,,,,,,,,,,,,,NeighborhoodCrawfor,-8.76E-17,2.57E-16,-3.41E-01,0.7329,,,,,,,,,,,,,,,,,,,,,,,,,,,,,,,,,,,,,,,,,,,,,
,,,,,,,,,,,,,,,,,,,,,,,,,,,,,,,,NeighborhoodEdwards,-5.56E-17,2.40E-16,-2.31E-01,0.817,,,,,,,,,,,,,,,,,,,,,,,,,,,,,,,,,,,,,,,,,,,,,
,,,,,,,,,,,,,,,,,,,,,,,,,,,,,,,,NeighborhoodGilbert,-6.44E-18,2.41E-16,-2.70E-02,0.9787,,,,,,,,,,,,,,,,,,,,,,,,,,,,,,,,,,,,,,,,,,,,,
,,,,,,,,,,,,,,,,,,,,,,,,,,,,,,,,NeighborhoodIDOTRR,-7.38E-17,2.73E-16,-2.71E-01,0.7868,,,,,,,,,,,,,,,,,,,,,,,,,,,,,,,,,,,,,,,,,,,,,
,,,,,,,,,,,,,,,,,,,,,,,,,,,,,,,,NeighborhoodMeadowV,-9.00E-17,3.08E-16,-2.93E-01,0.7699,,,,,,,,,,,,,,,,,,,,,,,,,,,,,,,,,,,,,,,,,,,,,
,,,,,,,,,,,,,,,,,,,,,,,,,,,,,,,,NeighborhoodMitchel,-4.48E-17,2.52E-16,-1.78E-01,0.859,,,,,,,,,,,,,,,,,,,,,,,,,,,,,,,,,,,,,,,,,,,,,
,,,,,,,,,,,,,,,,,,,,,,,,,,,,,,,,NeighborhoodNAmes,-8.28E-17,2.34E-16,-3.55E-01,0.7229,,,,,,,,,,,,,,,,,,,,,,,,,,,,,,,,,,,,,,,,,,,,,
,,,,,,,,,,,,,,,,,,,,,,,,,,,,,,,,NeighborhoodNoRidge,-3.47E-17,2.60E-16,-1.33E-01,0.894,,,,,,,,,,,,,,,,,,,,,,,,,,,,,,,,,,,,,,,,,,,,,
,,,,,,,,,,,,,,,,,,,,,,,,,,,,,,,,NeighborhoodNPkVill,-1.07E-16,3.46E-16,-3.09E-01,0.7571,,,,,,,,,,,,,,,,,,,,,,,,,,,,,,,,,,,,,,,,,,,,,
,,,,,,,,,,,,,,,,,,,,,,,,,,,,,,,,NeighborhoodNridgHt,-4.28E-18,2.34E-16,-1.80E-02,0.9854,,,,,,,,,,,,,,,,,,,,,,,,,,,,,,,,,,,,,,,,,,,,,
,,,,,,,,,,,,,,,,,,,,,,,,,,,,,,,,NeighborhoodNWAmes,-7.88E-17,2.44E-16,-3.22E-01,0.7472,,,,,,,,,,,,,,,,,,,,,,,,,,,,,,,,,,,,,,,,,,,,,
,,,,,,,,,,,,,,,,,,,,,,,,,,,,,,,,NeighborhoodOldTown,2.26E-16,2.45E-16,9.20E-01,0.3579,,,,,,,,,,,,,,,,,,,,,,,,,,,,,,,,,,,,,,,,,,,,,
,,,,,,,,,,,,,,,,,,,,,,,,,,,,,,,,NeighborhoodSawyer,-7.67E-17,2.48E-16,-3.10E-01,0.7569,,,,,,,,,,,,,,,,,,,,,,,,,,,,,,,,,,,,,,,,,,,,,
,,,,,,,,,,,,,,,,,,,,,,,,,,,,,,,,NeighborhoodSawyerW,-2.76E-17,2.42E-16,-1.14E-01,0.9093,,,,,,,,,,,,,,,,,,,,,,,,,,,,,,,,,,,,,,,,,,,,,
,,,,,,,,,,,,,,,,,,,,,,,,,,,,,,,,NeighborhoodSomerst,1.45E-18,2.30E-16,6.00E-03,0.995,,,,,,,,,,,,,,,,,,,,,,,,,,,,,,,,,,,,,,,,,,,,,
,,,,,,,,,,,,,,,,,,,,,,,,,,,,,,,,NeighborhoodStoneBr,-7.80E-18,2.63E-16,-3.00E-02,0.9763,,,,,,,,,,,,,,,,,,,,,,,,,,,,,,,,,,,,,,,,,,,,,
,,,,,,,,,,,,,,,,,,,,,,,,,,,,,,,,NeighborhoodSWISU,-3.67E-17,2.81E-16,-1.31E-01,0.896,,,,,,,,,,,,,,,,,,,,,,,,,,,,,,,,,,,,,,,,,,,,,
,,,,,,,,,,,,,,,,,,,,,,,,,,,,,,,,NeighborhoodTimber,-1.34E-17,2.60E-16,-5.20E-02,0.9588,,,,,,,,,,,,,,,,,,,,,,,,,,,,,,,,,,,,,,,,,,,,,
,,,,,,,,,,,,,,,,,,,,,,,,,,,,,,,,NeighborhoodVeenker,-4.65E-17,3.68E-16,-1.26E-01,0.8994,,,,,,,,,,,,,,,,,,,,,,,,,,,,,,,,,,,,,,,,,,,,,
